{"cameraMode":{"drawMode":0,"name":"Shaded","section":"Shading Mode"},"sceneLighting":true,"audioPlay":false,"sceneViewState":{"showFog":false,"showMaterialUpdate":false,"showSkybox":false,"showFlares":false,"showImageEffects":false,"showParticleSystems":false},"in2DMode":false,"pivot":{"x":-5390.51904296875,"y":4237.68017578125,"z":-420.3095703125},"rotation":{"x":0.023911502212285997,"y":0.4827500283718109,"z":-0.013186349533498288,"w":0.8753378391265869},"size":479.3594970703125,"orthographic":false}